{
  "RAG": {
    "Accuracy": 0.42,
    "Hit@5": 0.6175,
    "MRR": 0.49895833333333334
  },
  "CRAG": {
    "Accuracy": 0.45,
    "Hit@5": 0.65,
    "MRR": 0.5271666666666667
  },
  "Improvement": {
    "Accuracy_gain": 0.03,
    "Hit@5_gain": 0.0325,
    "MRR_gain": 0.02820833333333333
  }
}