{
  "RAG": {
    "Accuracy": 0.43243243243243246
  },
  "CRAG": {
    "Accuracy": 0.4594594594594595
  },
  "Improvement": {
    "Accuracy_gain": 0.02702702702702703
  }
}