{
  "RAG": {
    "Accuracy": 0.4594594594594595,
    "Hit@5": 0.6216216216216216,
    "MRR": 0.5304054054054054
  },
  "CRAG": {
    "Accuracy": 0.4864864864864865,
    "Hit@5": 0.6486486486486487,
    "MRR": 0.5574324324324326
  },
  "Improvement": {
    "Accuracy_gain": 0.02702702702702703,
    "Hit@5_gain": 0.02702702702702703,
    "MRR_gain": 0.027027027027027122
  }
}