{
  "RAG": {
    "Accuracy": 0.4392523364485981
  },
  "CRAG": {
    "Accuracy": 0.45794392523364486
  },
  "Improvement": {
    "Accuracy_gain": 0.018691588785046728
  }
}