{
  "RAG": {
    "Accuracy": 0.35514018691588783,
    "Hit@5": 0.6542056074766355,
    "MRR": 0.4767912772585672
  },
  "CRAG": {
    "Accuracy": 0.37383177570093457,
    "Hit@5": 0.6728971962616822,
    "MRR": 0.4962616822429909
  },
  "Improvement": {
    "Accuracy_gain": 0.018691588785046728,
    "Hit@5_gain": 0.018691588785046728,
    "MRR_gain": 0.0194704049844237
  }
}