{
  "RAG": {
    "Accuracy": 0.42,
    "Hit@5": 0.6175,
    "MRR": 0.49895833333333334
  },
  "CRAG": {
    "Accuracy": 0.46,
    "Hit@5": 0.695,
    "MRR": 0.5475416666666667
  },
  "Improvement": {
    "Accuracy_gain": 0.04,
    "Hit@5_gain": 0.0775,
    "MRR_gain": 0.04858333333333334
  }
}